Kategori,Bahan,Keterangan,Nama Resep,Bahan yang dibutuhkan,Cara Membuat,Kalori,Pembagian
Buah,Alpukat,,Toast Avocado,5 g susu kental manis ; 7.5 g mentega ; 10 g palm sugar ; 1 irisan reguler roti gandum panggang ; 1 alpukat,1.Panggang roti dengan mentega. ; 2.Keruk alpukat letakkan diatas roti. ; 3.Taburi gula palm. ; 4.Tuang susu kental manis.,"per porsi - Kalori: 488kkal | Lemak: 37,53g | Karb: 39,95g | Prot: 6,83g",Retna
,Alpukat,,Green Smoothies Bowl,20 g gourmet blend dark chocolate & banana granola ; 30 gram selada ; 50 gram semangka ; 80 gram apel ; 50 gram alpukat ; 50 gram blewah melon ; 4 gram kacang almond,1.Blender semua bahan kecuali kacang almond dan granola. ; 2.Sajikan ke dalam mangkok. ; 3.Letakkan kacang dan granola sebagai topping.,"per porsi - Kalori: 281kkal | Lemak: 14,22g | Karb: 37,85g | Prot: 5,05g",
,Alpukat,,Es Alpukat Kopi Susu,"200 ml air panas mendidih untuk menyeduh kopi;
9 sendok makan susu kental manis;
3 sendok makan kopi tubruk (kopi ampas) merk bebas (resep asli kopi tanpa ampas);
3 sendok makan fiber cream (resep asli susu uht);
3 sendok makan gula pasir/simple syrup (resep asli tidak pakai) sesuaikan selera saja;
1 buah alpukat mentega kerok;
Es batu","1. Siapkan kopi yang akan di seduh (kalau mau rasa kopi yang pekat bisa ditambahkan takarannya), tuang kopi dalam gelas, rebus air sampai mendidih, setelah mendidih tuang airnya pelan-pelan memutar ke dalam gelas kopi sampai rata (lebih bagus lagi pake teko leher angsa) angkat sendoknya, diamkan 3 menit sampai air menyatu dengan kopi;
2. Setelah itu aduk kopi sampai tidak ada endapan di atas, kemudian saring;
3. Belah alpukat kerok isinya, blender bersama gula pasir/simple syrup dan fiber cream sampai halus;
4. Ambil 3 gelas isi masing-masing gelas dengan kopi tubruk saring, tuang susu kental manis ke dalam gelas masing-masing 3 sendok makan dan tuang alpukat bagi menjadi 3 gelas;
5. Terakhir tuang es batu, aduk, sajikan selagi dingin   ",data not found,
,Anggur,,Jaboticaba Juice,20 buah anggur Brazil(jaboticaba) ; 1 buah apel ; secukupnya Es batu ; secukupnya Air,"1.Cuci semua buah lalu potong. ; 2.Masukkan semua bahan lalu blender sampai halus. Jika kurang manis boleh ditambah sirup gula ; 3.Saring hasil blender, kemudian siap disajikan",data not found,
,Anggur,,Jus Anggur Susu,"20 buah anggur;
100 ml susu UHT;
1 sdm SKM;
5 kotak kecil es batu (opsional)","1. Siapkan bahan. Cuci bersih buah anggur, masukkan ke juiser dg disaring,nyalakan mesin kurlep 1 menit;
2. Tempatkan es batu ke dalam gelas. Tambahkan susu UHT. Tuang SKM melingkar dipinggir gelas;
3. Tuang juice Anggur. Sajikan ",data not found,
,Anggur,,Puding Nutrisari Anggur Lapis Susu,"10 gr Nutrijell plain;
1 sachet Nutrisari anggur;
Gula pasir 4 sdm / sesuai selera;
400 ml Air;
Kental manis 4 sdm / sesuai selera (saya krimer kental manis);
Pewarna ungu;

Bahan puding susu : ;
Gula pasir 400 sdm / sesuai selera;
400 ml Air;
Kental manis 4 sdm / sesuai selera;
10 gr Nutrijell lyche / plain","1. Puding Nutrisari : Campur semua bahan (nutrijell, nutrisari, gula, pewarna, air dan kental manis) aduk hingga tercampur rata, masak hingga mendidih, angkat;
2. Tuang ke dalam cetakan, Tunggu hingga jelly set;
3. Puding susu : ;
Campur nutrijell, nutrisari, gula, air dan kental manis, aduk hingga tercampur rata, masak hingga mendidih, angkat;
4. Tuang ke atas jelly yg udah set;
5. Tunggu hingga jelly set atau di masukan ke dalam kulkas, setelah uap panas nya hilang;
6. Jelly siap disajikan  ",data not found,
,Apel,,Jus Apel Pepaya,"1 sachet pemanis klasik ; 1/4 sachet rasa leci ; 1 gelas susu uht low fat ; 1 sedang apel (tanpa ulit) ; 1 mangkok, potong dadu pepaya","1.Masukkan semua bahan ke dalam blender. ; 2.Blender hingga halus. Pindahkan ke gelas. ; 3.Tambahkan jeli, jika diinginkan.","per porsi - Kalori: 221kkal | Lemak: 2,87g | Karb: 46,06g | Prot: 8,20g",
,Apel,,Apel Gandum,1 sdm madu ; 3 sdm gandum ; 1 gelas yogurt stroberi ; 100 g buah naga ; 100 g apel,1.Masak gandum dengan air sesuai kemasan. ; 2.Pindahkan ke mangkuk lalu tambahkan yogurt. ; 3.Iris buah dan tambahkan ke mangkuk. Gerimis dengan madu.,"per porsi - Kalori: 251kkal | Lemak: 3,81g | Karb: 50,22g | Prot: 4,57g",
,Apel,,Pangsit Apel,"18 pcs kulit pangsit;
1 buah apel ukuran kecil;
75 gr keju quick melt;
60 gr meisis;
Air secukupnya untuk perekat;
Minyak secukupnya untuk menggoreng","1. Kupas dan iris tipis2 apel, sisihkan;
2. Ambil selembar kulit pangsit lalu isi dengan apel dan parutan keju quick melt / meisis secukupnya;
3. Kemudian beri olesan air di semua pinggiran kulit pangsit, lalu lipat membentuk segitiga ato sesuai selera, rapatkan dan tekan tekan agar menempel;
4. Kemudian goreng hingga kuning keemasan dan angkat, tiriskan dan sajikan;
5. Pangsit siap disajikan   ",data not found,
,Belimbing,,Jus Belimbing,500 g belimbing ; air matang,"1.Potong belimbing ; 
2.Blender sampai halus ; 
3.Sajikan",data not found,
,Belimbing,,Salad Belimbing,"1 buah belimbing;
1 sdm air jeruk nipis;
1 buah cabe;
2 sdm kecap ikan","1. Membuat dressing : haluskan cabe, beri air jeruk nipis dan kecap ikan. Aduk rata;
2. Potong-potong belimbing dan letakkan pada wadah;
3. Beri dressing dan selamat menikmati  ",data not found,
,Belimbing,,Dodol Belimbing,"200 gr tepung ketan;
200 gr belimbing;
400 gr gula pasir;
1500 ml santan (1 bh kelapa)","1. Parut 1 buah kelapa tua, tambahkan air lalu saring (ambil santannya);
2. Siapkan tepung, lalu masukan 300 ml santan. Aduk sampai tidak ada gumpalan;
3. Masukan semua bahan kedalam pan teflon;
4. Aduk terus sampai mengental dan berubah warna menjadi kecoklatan.
(Gunakan daun pisang untuk tes apakah sudah matang atau belum). Oles minyak ke wadah lalu masukan dodolnya;
5. Dodol siap disajikan  ",data not found,
,Buah Naga,,Dragon Fruit Jelly,"3,75 g jelly powder anggur ; 500 g buah naga ; 2 gelas air","1.Rebus nutrijell rasa apa pun dalam 2 gelas air. Rebus hingga mendidih. Setelah masak, diamkan 3 menit, lalu tambahkan asam buah dan biarkan dingin. ; 2.Belah buah naga menjadi dua, keluarkan isinya lalu potong dadu, usahakan kulit buah naga masih tersisa. ; 3.Potong Nutrijell dingin menjadi kubus, lalu sajikan dengan irisan buah naga di atas kulit buah naga. Selamat menikmati.","per porsi - Kalori: 133kkal | Lemak: 0,95g | Karb: 32,45g | Prot: 1,95g",
,Buah Naga,,Jus Buah Naga Pisang,20 g instant oatmeal ; 100 gram buah naga ; 130 ml susu uht low fat source of calcium ; 100 gram pisang,"1.Bekukan pisang dan buah naga. ; 2.Setelah beku masukkan semua bahan² ke dalam blender lalu di blend. ; 3.Setelah selesai, smoothies siap dihidangkan.","per porsi - Kalori: 144kkal | Lemak: 1,88g | Karb: 29,66g | Prot: 4,19g",
,Buah Naga,,Pancake Buah Naga,4 sendok makan instant oatmeal ; 35 g susu ; 1 besar telur ; 1 buah naga,1.Blender semua bahan jadi satu. ; 2.Panggang di atas teflon jadi beberapa bagian. ; 3.Angkat dan kasih toping naga.,"per porsi - Kalori: 136kkal | Lemak: 2,13g | Karb: 26,91g | Prot: 5,29g",
,Durian,,Ketan Kinca Durian,"150 gram (6 keping) sagu Ambon ; 1100 ml air mineral ; 105 gram coconut sugar + 100 ml air mineral aduk rata,saring ; 1 lembar daun pandan ; 1/4 sdt sea salt ; 200 gram beras ketan putih ; 100 ml santan kental ; 1/4 sdt sea salt ; 1 lembar daun pandan ; Secukupnya kelapa parut setengah tua kukus (utk taburan) ; 250 gram kelapa tua parut + 800 ml air mineral,peras santannya ; 130 gram gula singkong ; 190 gram daging durian monthong Palu ; 1 lembar daun pandan ; 1/4 sdt sea salt ; 1/2 sdm maizena","1.Membuat bubur sagu : Cuci sagu Ambon lalu rendam dgn air mineral selama 5 jam 30 menit. Setelah sagu Ambon hancur,buang airnya (gunakan saringan) dan cuci bbrp kali dgn air mineral,tiriskan ; 2.Didihkan 550 ml air mineral,sea salt dan daun pandan. Masukkan sagu Ambon,aduk rata dan tuangi lagi 550 ml air mineral secara bertahap (sesuai kekentalan yg di inginkan) sambil terus di aduk ; 3.Masukkan larutan coconut sugar,masak kembali hingga mengental dan meletup-letup,angkat ; 4.Membuat ketan kukus : cuci bersih beras ketan lalu rendam dgn air mineral selama 2 jam 30 menit,tiriskan. Kukus beras ketan dgn 1 lembar daun pandan selama 10 menit. Pindahkan ke dlm bowl,tambahkan sea salt dan santan kental (sy ambil bagian paling atas dr perasan santan) aduk rata ; 5.Kukus kembali ketan selama 20 menit/sampai matang tanak,angkat ; 6.Peras santan dan tuang 600 ml santan (dr perasan pertama) ke dlm panci,tambahkan daun pandan,sea salt dan gulakong,aduk rata lalu masak sampai mendidih. Masukkan daging durian,aduk rata dan didihkan kembali ; 7.Larutkan maizena dgn 120 ml santan,lalu tuang secara perlahan ke dlm panci,aduk2 hingga agak mengental dan mendidih,angkat ; 8.Untuk penyajian,masukkan ketan kukus ke dlm mangkuk saji,tambahkan kelapa parut kukus lalu tambahkan bubur sagu dan tuangi kuah santan durianKetan bubur sagu Ambon kinca durian siap di nikmati selagi hangat",data not found,
,Durian,,Es Durian,1 buah durian (pisahkan dari biji nya) ; 2 bungkus santan kara ; 2 bungkus susu kental manis (putih) ; 250 gr Gula pasir ; 500 ml Air putih ; 1/2 sdt Garam halus ; 2 sdm tepung maizena (larutkan dengan air) ; 1/2 SDM SP,"1.Siapkan panci anti lengket, Masukkan santan kara, susu kental manis, garam halus dan gula pasir ; 2.Dilanjut dengan memasukkan air putih ; 3.Sebelum dimasak aduk-aduk terlebih dahulu sampai tidak ada gumpalan, setelah itu nyalakan kompor dengan api sedang ; 4.Aduk-aduk hingga mendidih, kemudian masukkan tepung maizena yang sudah dilarutkan aduk-aduk sebentar, matikan kompor jangan lupa koreksi rasa ; 5.Masukkan kedalam wadah tunggu sampai dingin, setelah dingin masukkan ke freezer tunggu sampai setengah beku ; 6.Jika sudah setengah beku keluarkan dari feeezer, masukkan kedalam mixer dan tambahkan SP. Mixer sampai mengembang ; 7.Jika sudah mengembang masukkan durian, mixer kembali sampai tercampur merata, jika sudah tercampur merata tuang kedalam wadah, masukkan kedalam freezer sampai beku",data not found,
,Durian,,Es Campur Durian - Kelapa,"4 buah durian Montong;
Secukupnya kelapa muda serut;
Secukupnya alpokat matang (optional);
Secukupnya air gula putih","1. Siapkan durian, kelapa serut, dan alpokat dan dipotong kotak kotak;
2. Siapkan air gula untuk pemanis dgn rebus gula 1 cangkir dengan 1 cangkir air dan tambahkan 1 lbr pandan, rebus sampai mendidih dan gula larut;
3. Ambil 1 buah duren ke dalam mangkok es buah, tambahkan kelapa serut secukupnya, icip rasa, jika kurang manis maka tambah air gula secukupnya. Jika suka bisa tambahkan alpokat;
4. Siap dihidangkan ",data not found,
,Jambu,,Jus jambu,500 g jambu ; air matang ; gula secukupnya,"1.Potong jambu ; 2.Masukkan gula, air, dan jambu ; 3.Blender sampai halus ; 4.Sajikan",data not found,
,Jambu,,Asinan Jambu Air,"1 kg jambu air, bersihkan;
800 ml air;
50 gram cabe keriting (sesuai selera);
2 sdm cuka masak;
5 sdt gula pasir, sesuai selera;
secukupnya Garam","1. Blender cabe marah bersama 400ml sampai halus;
2. Panaskan 400ml sisa air dan tambahankan cairan cabe, masak sampai mendidih dan matang;
3. Tambahkan gula dan garam, koreksi rasa dan matikan kompor, dinginkan;
4. Tambahkan cuka masak;
5.  Tuang air cabe disaring ke jambu air;
6. Dinginkan di kulkas ",data not found,
,Jambu,,Setup Jambu Biji,"2 buah jambu biji ukuran besar, cuci, potong-potong;
1 liter air;
120 gram gula pasir;
3 ruas kayu manis 5 cm;
4 biji cengkeh","1. Siapkan semua bahan;
2. Rebus air, gula pasir, kayu manis dan cengkeh, hingga mendidih;
3. Masukkan jambu biji. Aduk rata. Didihkan lagi. Off kompor. Dinginkan. Bila uap sudah hilang, boleh dimasukkan kulkas;
4. Setup Jambu Biji siap dihidangkan",data not found,
,Jeruk,,Orange Smoothies,1 kecil jeruk keprok ; 1 sedang apel (tanpa kulit) ; 1/2 gelas air ; 100 gram nanas ; 100 gram wortel,"1.Kupas semua buah2an, cuci bersih lalu potong2, kecuali jeruk, peras airnya. ; 2.Siapkan blender, masukan semua buah yg sudah di potong kecil2, lalu air perasan jeruk, tambahkan air dan es batu secukupnya. ; 3.Blender semua buah kurleb 2-3menit sampai halus sempurna. Siap dinikmati.","per porsi - Kalori: 187kkal | Lemak: 0,75g | Karb: 47,88g | Prot: 2,39g",
,Jeruk,,Jeruk Selasih Hangat,"2 buah jeruk peras rasanya asam (diresep jeruk manis);
Secukupnya biji selasih;
200 ml air hangat;
1 sdm gula pasir (tergantung jeruk yang digunakan)","1. Siapkan bahan, peras buah jeruk sisihkan;
2. Siapkan gelas masukkan air hangat dan gula aduk hingga gula larut;
3. Masukkan perasan jeruk dan biji selasih kedalam larutan air gula aduk hingga tercampur rata;
4. Segera diminum ya selagi hangat  ",data not found,
,Jeruk,,Teh Kulit Jeruk,"3 buah jeruk murcot diambil kulitnya;
1 sdm teh tubruk;
6 butir cengkeh;
1/2 sdt kayu manis bubuk;
500 ml air;
Cuka beras / cuka apel ","1. Kulit jeruk dikerok bagian putihnya;
2. Rendam kulit jeruk dengan cuka beras dan air supaya sisa pestisida hilang;
3. Setelah 10 menit direndam, dibilas hingga bersih, tiriskan;
4. Kulit jeruk diparut;
5. Masukan teh, cengkeh dan kayu manis bubuk. Gelas ditutup pakai plastic wrap, biarkan minimal 1 jam di suhu ruang;
6.  Setelah 1 jam, masak bersama dengan air sampai mendidih;
7. Setelah mendidih, angkat dan disaring. Beri madu sesuai selera ",data not found,
,Kiwi,,Jus Kiwi Apel,1 buah kiwi ; 1 buah apel ; 2 sdm madu murni ; 150 mL air matang,"1.Siapkan bahan-bahan. ; 2.Campur semua bahan, lalu blender sampai halus dan tercampur rata. ; 3.Juz apel kiwi siap dinikmati.",data not found,
,Kiwi,,Kiwi Earl Grey Tea,"1/2 buah kiwi;
2 sdt gula pasir;
1 sdt teh earl grey;
200 ml air panas;
Es batu","1. Seduh teh earl grey;
2. Masukkan kiwi & gula pasir, hancurkan;
3. Tambahkan es batu. Tuang teh earl grey  ",data not found,
,Kiwi,,Kiwi Salad,"1 bungkus nutrijel blueberry;
1 buah kiwi;
1 cup plain yogurt;
Secukupnya susu kental manis","1. Masak nutrijel blueberry tanpa gula. Setelah mendidih, tuang dalam cetakan. Setelah dingin, simpan dalam kulkas;
2. Potong-potong nutrijel dan kiwi;
3. Siapkan mangkok saji, tata nutrijel dan kiwi. Beri yogurt dan susu kental manis. Aduk merata  ",data not found,
,Kurma,,Bilah Energi Oatmeal Cokelat,20 g choco chips ; 25 gram biji bunga matahari (yang) dikuliti sangrai kering ; 60 g selai kacang ; 150 g oatmeal ; 100 g madu tj murni ; 60 gram kurma ; 40 gram kismis (tanpa biji) ; 20 gram kacang almond panggang kering (tanpa tambahan garam),"1.Sangrai oatmeal sampai kecoklatan. Dinginkan sampai suhu ruang. ; 2.Cincang kurma dengan halus. ; 3.Campur semua bahan dalam satu wadah menggunakan spatula. ; 4.Pindahkan pada wadah, padatkan, tutup rapat. Simpan pada frezer minimal 30 menit. ; 5.Potong menjadi batangan.","per porsi - Kalori: 92kkal | Lemak: 3,61g | Karb: 13,29g | Prot: 2,06g",
,Kurma,,Oat Cookies,4 kurma ; 62 g oatmeal ; 1 sdt ekstrak vanila ; 2 kecil pisang ; 20 gram keju cheddar,1.Kupas buah pisang masukan dalam mangkok hancurkan hingga halus. ; 2.Potong kurma dan parut keju masukan dalam mangkuk hancuran pisang tadi tambahkan vanilla paste. Tambahkan oatmeal. ; 3.Campur adonan hingga merata cetak adonan pada loyang lalu panggang adoan di oven suhu 180°C selama kurleb 15 menitan.,"per porsi - Kalori: 24kkal | Lemak: 0,51g | Karb: 4,66g | Prot: 0,54g",
,Kurma,,Granola Homemade,2 sdt extra virgin olive oil ; 1 1/2 tbsps honey ; 400 g havermout rolled oat ; 45 g kurma  ; 75 g gula aren ; 75 gram dry roasted unsalted peanuts,"1.Sangrai rolled oat, kacang tanah hingga kecoklatan. ; 2.Masukkan bahan2 untuk saus, olive oil,gula aren, madu, kurma. ; 3.Campur dengan rata siap di sajikan dengan susu atau yogurt.","per porsi - Kalori: 266kkal | Lemak: 8,67g | Karb: 42,40g | Prot: 6,45g",
,Leci,,Es Degan Leci,3 buah leci ; 1 gelas / 200 ml degan/kelapa muda ; 2 sdm sirup atau sesuai selera ; Es batu,"1.Siapkan semua bahan sirup leci, degan/kelapa muda yang telah dikerok dagingnya plus siapkan air kelapanya. ; 2.Kupas leci dan masukkan dalam gelas. Beri sirup leci. ; 3.Aduk merata beri degan dan air nya. Masukkan es batu sesuai selera. Es degan leci pun siap dinikmati",data not found,
,Leci,,Lychee Iced Tea,"2 teh celup, seduh dengan 300 ml.air;
Buah lechy kaleng;
Gula singkong cair;
Secukupnya es batu","1. Siapkan bahan-bahan;
2. Tuang gula cair tambahkan es batu dan lechy;
3. Tuang teh yg sudah diseduh, lychee iced tea siap dinikmati  ",data not found,
,Leci,,Puding Susu Leci,"700 ml susu cair;
1 agar swallow putih;
1 sdt nutrijel plain;
50 ml kental manis;
100 gr gula pasir;
Bahan b : ;
1/2 bungkus nutrijel leci;
200 ml air;
50 gr gula;
Pewarna makanan merah","1. Untuk step pertama. Campur nutrijel leci dengan air, gula dan sedikit pewarna merah. Masak sampai mendidih, tuang ke cetakan. Stelah set, bisa dipotong dadu atau di parut besar;
2. Puding susu. Campur smua bahan diatas, stelah itu masak sampai mendidih dengan api kecil sambil di aduk. Untuk manis bisa di sesuaikan selera masing-masing;
3. Siapkan cetakan, letakan parutan nutrijel leci di dasar cetakan;
4. Aduk2 puding susu sampai uap panasnya berkurang, stelah itu tuang ke cetakan tadi. Lakukan sampai nutrijel leci dan adonan susu habis, selang-seling;
5. Biarkan sampai set kemudian simpan dalam kulkas. Rasa puding susu yang manis disatukan dengan leci yang sedkit asam   ",data not found,
,Mangga,,Puding Mangga,1 buah mangga matang berukuran besar; 80 gram gula pasir; 5 gram gelatin bubuk; 50 cc krim; 150 cc air panas; Whipped Cream; Irisan buah; Daun mint,"1. Kupas mangga dan buang isinya, potong-potong, kemudian haluskan dengan blender hingga benar-benar lembut;
2. Masukkan air panas dalam mangkuk besar. Tambahkan gula pasir dan gelatin bubuk, aduk hingga rata. Tutup mangkuk dengan kain lap, kemudian letakkan di dalam mangkuk lainnya yang berisi air panas;
3. Setelah gelatin larut, masukkan jus mangga, kemudian aduk hingga tercampur rata. Masukkan krim dan aduk dengan spatula hingga rata, kemudian tuang ke dalam gelas atau mangkuk kecil. Simpan di dalam lemari es.",data not found,Illa
,Mangga,,Mango Ice Cream Smoothie,"5-6 buah mangga harum manis; 
354 ml susu cair dingin;
6-7 sendok makan gula pasir;
2 scoop es krim vanilla;
air secukupnya","1. Kupas mangga dan potong-potong. Setelah itu campur sedikit air dan blender sampai halus. Tambahkan gula dan proses sekali lagi selama satu menit;
2. Saring jus mangga dan tuang ke dalam gelas. Tambahkan susu dan aduk sampai rata",data not found,
,Mangga,,Mango Ice Tea,"2 buah mangga berukuran sedang;
2 atau 3 kantung teh hitam;
4 cangkir air;
1/2 sendok teh air lemon jika diperlukan;
gula secukupnya;
daun mint segar secukupnya","1. Kupas dan potong-potong buah mangga. Kemudian haluskan buah mangga dengan blender dan dinginkan di lemari es;
2. Selanjutnya panaskan air untuk teh. Masukkan kantung teh dan aduk. Setelah itu matikan api dan biarkan teh merasuk selama lima sampai tujuh menit;
3. Dinginkan teh, dan masukkan ke dalam lemari es. Setelah dingin masukkan teh ke dalam blender. Campurkan mangga yang sudah dihaluskan, air lemon, dan gula ke dalam blender. Blender hingga semuanya halus.",data not found,
,Manggis,,Jus Kulit Manggis,"2 buah manggis;
1 gelas air;
madu secukupnya;
gula rendah kalori secukupnya","1. Kerok bagian dalam kulit buah manggis, sisihkan; 
2. Rebus kulit buah manggis sampai mendidih; 
3. Masukkan rebusan kulit manggis ke dalam blender bersama air, gula, dan madu, kemudian haluskan;
4. Tuang ke dalam gelas, sajikan jus kulit manggis",data not found,
,Manggis,,Teh Buah Manggis,"1 buah manggis (ambil isinya);
1 kantong teh celup (sariwangi);
1 sdm gula pasir","1. Masukkan kantong teh ke dalam gelas;
2. Masukkan buah manggis dan gula pasir, lalu tuang dengan air panas;
3. Sajikan dan nikmati hangat",data not found,
,Manggis,,Wedang Kulit Manggis,"1 genggam kulit Manggis Kering, cuci bersih;
1 kantong Teh Celup;
1 btg Serai;
1 cm Jahe kupas;
1/2 ltr Air Bersih;
2 sdm Gula pasir","1. Setelah semua bahan dicuci bersih (kulit manggis, jahe, serai) geprek/iris jahe dan serai;
2. Rebuh dan biarkan mendidih sekitar 5 menit, angkat dan saring;
3. Berikan sedikit gula atau madu saat disajikan (opsional)",data not found,
,Melon,,Es Melon Yakult,"3-5 sdm sirup melon;
1 sdt selasih;
1 botol Yakult;
Secukupnya batu es;
Secukupnya nata de Coco (me, agar-agar instan);
100 ml susu cair","1. Tuangkan sirup ke dalam gelas lalu masukkan es batu secukupnya;
2. Masukkan nata de coco/agar-agar. Tuangkan susu cair;
3. Tuang yakult, selasih, lalu siap untuk disajikan",data not found,
,Melon,,Es Melon Roti Tawar,"3 lbr Roti Tawar;
1 sdt Selasih;
secukupnya Nata Decoco;
secukupnya Sirup Melon;
secukupnya Susu Cair;
secukupnya Es Batu","1. Siapkan bahan;
2. Rendam selasih dengan air hangat;
3. Potong dadu roti tawar;
4. Masukkan es batu dalam gelas+potongan roti tawar;
5. Tuangkan sirup melon, nata de coco, dan susu cair;
6. Tuangkan selasih, tunggu es mencair;
7. Minuman siap dinikmati",data not found,
,Melon,,Puding Susu Melon,"1 bungkus nutrijell plain;
2 sachet skm putih;
250 ml susu uht;
450 ml air;
Melon potong dadu kecil (jumlah bebas)","1. Masukkan nutrijel plain, skm, susu uht, dan air ke dalam panci lalu aduk rata;
2. Nyalakan kompor api sedang kecil, panaskan campuran puding sampai mendidih;
3. Tata potongan melon dalam cetakan, kemudian tuang puding;
4. Diamkan sampai dingin, lalu masukkan ke dalam lemari es;
5. Puding siap disajikan",data not found,
,Nanas,,Bolu Nanas,"200 gr tepung terigu;
200 gr gula pasir;
6 butir telur;
100 gr selai nanas (isian nastar);
150 gr margarin/butter lelehkan;
2 sdm susu kental manis;
1/2 sdt SP;
1/2 sdt baking powder;
1/2 sdt vanili","1. Kocok gula,telur,SP sampai mengembang dgn kec tinggi;
2. Tambahkan selai nanas, kocok hingga tercampur rata kemudian masukkan tepung dan baking powder, kocok lagi dgn kecepatan rendah hingga tercampur rata;
3. Masukkan margarin leleh yg sudah dicampur dgn susu kental manis, aduk rata;
4. Siapkan loyang ukuran 24 cm, olesi dgn Carlo/margarin, masukkan adonan ke dalam loyang kemudian panggang selama kurang lebih 45 mnt/sampai matang (oven panaskan terbih dahulu sebelum adonan masuk);
5. Tes tusuk adonan untuk memastikan bolu sudah matang, keluarkan dari loyang, dinginkan dan bolu siap. dipotong dan dinikmati",data not found,
,Nanas,,Sambal Nanas,"1 bungkus BonCabe level 15, rasa Original;
2 sendok makan minyak goreng;
5 siung bawang merah;
3 siung bawang putih;
secukupnya Terasi;
1/2 sendok teh garam;
1 sendok makan gula;
1 buah nanas madu (kupas dan potong-potong)","1. Cara membuat Sambal Nanas, Panaskan minyak dalam wajan;
2. Tumis bawang putih, bawang merah hingga harum;
3. Haluskan / ulek bahan yang telah ditumis;
4. Tambahkan gula, garam, Terasi dan BonCabe level 15 dan ulek kembali hingga halus;
5. Campurkan sambal dengan potongan nanas hingga nanas terlapisi sambal secara merata;
6. Sajikan sebagai pelengkap sambal untuk lauk dan nasi hangat",data not found,
,Nanas,,Wedang Kulit Nanas,"Kulit Nanas (1 buah);
Sedikit Garam;
1/2 ltr Air utk Merendam;
1 jempol Jahe;
1 sdt Kayumanis bubuk;
1,5 liter Air bersih;
Madu","1. Kupas nanas, cuci ebrsih kulitnya di air mendidih dengan sikat gigi;
2. Rendam dengan air garam selama 5 menit lalu cuci bersih dan tiriskan;
3. Rebus air, masukkan jahe geprek dan kayu manis serta masukkan kulit nanas;
4. Rebus hingga airnya tinggal sekitar 1 liter;
5. Saring dan sajikan hangat ditambah dengan madu",data not found,
,Nangka,,Agar-Agar Nangka,"1 bungkus agar"" swalow warna red;
1 bungkus besar santan kara;
Secukupnya nangka;
Secukupnya gula pasir;
900 ml air yg sudah di campur dgn santan kara;
Sedikit vanili bubuk","1. Masak air dan masukkan bubuk agar"",santan kara,vanili dan gula pasir aduk hingga mendidih,sering di aduk ya supaya santannya tidak pecah;
2. Jika sudah mendidih,masukkan nangka yg sudah di potong potong;
3. Angkat dan pindahkan ke cetakkan dan biarkan dingin lalu masukkan ke dalam kulkas kalau suka dingin;
4. Siap disajikan ",data not found,
,Nangka,,Nangka Goreng Wijen,"8 buah nangka;
5 sdm munjung terigu;
1 sdm gula putih;
1 sdt margarin (tambahan saya);
Sejumput garam;
2 sdm wijen putih (tambahan saya);
Secukupnya air","1. Buang biji nangka, kemudian potong kotak. Ukuran sesuai selera;
2. Campurkan terigu, gula, garam dan margarin. Beri air sedikit demi sedikit sambil diaduk hingga mendapatkan kekentalan yg diinginkan;
3. Masukan nangka dan wijen, aduk rata kembali;
4. Panaskan minyak, goreng nangka dengan api sedang sampai kecoklatan. Angkat, tiriskan dan sajikan ",data not found,
,Nangka,,Es Krim Nangka,"200 gr whipped cream bubuk;
250 ml susu cair;
5 sachet SKM putih;
200 gram nangka matang;
150 ml air matang;
15 es batu, ukuran dadu","1. Siapkan semua bahan. Lalu bersihkan nangka kemudian potong2, 50 gram potong2 kecil utk taburan, 150 gram lagi potong kasar saja untuk diblender;
2. Blender nangka yang dipotong kasar dengan 150 ml air matang, sisihkan;
3. Siapkan es batu sekitar 15 butir ukuran dadu;
4. Masukkan semua bahan dalam mangkuk besar, lalu mixer dengan kecepatan pelang, sedang hingga maksimal sampai adonan es krim mengembang 2 x lipat;
5. Jika sudah mengembang, masukkan sebagian potongan2 kecil nangka ke dalam adonan aduk rata, setelah itu masukkan es krim ke dalam wadah penyimpanan yang ada tutupnya, lalu taburi sisa potongan2 nangka kecil di atas eskrim, bekukan di freezer minimal 10 jam;
6. Jika sudah beku, es krim sudah bisa dinikmati  ",data not found,
,Pepaya,,Jus Pepaya Yakult,"120 gr pepaya dingin potong;
2 Yakult low sugar dingin","1. Siapkan bahan
2. Masukkan semua bahan dalam wadah menjadi satu
3. Blender, lalu sajikan",data not found,
,Pepaya,,Permen Jelly Pepaya,"3 buah pepaya mengkal/mentah (2 kg setelah diparut);
2 bungkus nutrijell strawberry;
750 gr gula pasir (bisa disesuaikan manisnya);
Pewarna makanan;
Gula pasir untuk baluran","1. Siapkan pepaya, kupas kulitnya. Kemudian cuci bersih.
Potong memanjang, kemudian parut lembut (bisa dengan parutan keju);
2.Peras parutan pepaya agar kadar air berkurang.
Masukkan dalam wajan. Siapkan nutrijell;
3. Campur nutrijell dan gula pasir pada wajan yang berisi parutan pepaya.
Masak sambil terus diaduk agar merata;
4. Setelah tercampur rata, masukkan fruity acid. Aduk hingga set;
5. Maka tekstur seperti selai. Selagi panas, bagi menjadi 4 atau sesuai warna yg diinginkan. Kemudian bentuk bulat dan gulingkan pada gula pasir. Lakukan berulang hingga habis.
Simpan dalam toples.
Untuk suhu ruang awet 1 bulan dan suhu kulkas awet 3 bulan  ",data not found,
,Pepaya,,Puding Buah Pepaya,"1/2 buah pepaya matang;
1 bungkus agar2 bubuk;
100 gr gula pasir;
1 bgks santan instan;
700 ml air (uk di kemasan 800 ml)","1. Buang isi pepaya, kupas lalu cuci hingga bersih;
2. Ambil daging pepaya;
3. Campurkan air, santan bubuk, agar-agar bubuk, dan gula. Masak hingga mendidih;
4. Setelah mendidih, matikan api kompor dan biarkan uap panas berkurang. Lalu masukkan potongan pepaya, aduk-aduk sebentar;
5. Masukkan ke dalam wadah dan tunggu hingga dingin
",data not found,
,Pir,,Kue Buah Pir,"200 gr Buah pir (1 buah);
2 butir telur;
55 gr gula pasir;
70 gr tepung terigu;
1 sdt baking powder;
1/4 sdt garam;
75 ml susu cair;
1 sdt pasta vanila;
3 sdm margarin (dicairkan)","1. Siapkan wadah bersih lalu masukkan telur, garam, gula pasir lalu aduk atau mixer hingga berbuih dan agak mengental;
2. Tambahkan pasta vanila, mentega cair. Aduk2 dgn spatula hingga merata lalu tambahkan tepung terigu, baking powder dan susu cair lalu aduk2 kembali;
3. Potong2 buah pir ukuran dadu lalu sisihkan sementara (Pastikan rasanya manis). Kemudian siapkan loyang yg sudah dioles carlo. Tuang sedikit adonan ke dalam loyang lalu tambahkan diatasnya potongan buah pir. Tuang kembali sisa adonan di atas potongan buah pir lalu tambahkan sedikit mentega cair (ini pilihan);
4. Panggang adonan kue di suhu 175 derajat selama 40 menit dgn api atas bawah. Setelah matang lalu kue buah pir pun siap disajikan dengan tambahan ayakan gula halus sebagai toppingnya
 ",data not found,
,Pir,,Puding Creamy Pear,"250 gr buah pear;
2 lembar roti tawar;
130 ml santan;
1 bungkus agar2 plain;
1 bungkus susu kental manis;
650 ml air;
3 sdm gula pasir (optional, boleh di tambahkan);
Keju secukupnya untuk toping","1. Kupas buah pear, kemudian campur dengan roti tawar dan santan, blender halus;
2. Campur semua bahan, masak hingga mendidih;
3. Setelah mendidih, matikan kompor, diamkan sebentar hingga uap berkurang kemudian masukan ke dalam cetakan;
4. Berikan topping ",data not found,
,Pir,,Asinan Pear,"1 buah buah pear, kupas kulitnya, iris memanjang;
2 sdm gula pasir (saya: 1 sdm);
Sejumput garam;
2 sdm air lemon (saya: 3 sdm);
Sesuai selera bubuk cabe","1. Campur gula, garam, air lemon dan bubuk cabe di wadah, aduk rata. Siapkan irisan pear di wadah berbeda;
2. Tuangkan campuran gula, garam dan yg lainnya tadi ke dalam wadah yg berisi buah pear, aduk rata;
3. Asinan pir siap disantap ",data not found,
,Pisang,,Pancake Pisang,"1 buah pisang yang sudah matang;
50 gram tepung terigu;
50 cc air;
1 butir telur;
1,5 sdm gula;
1 sdm margarin;
1/2 sdt baking soda;
1/4 sdt garam","1. Lelehkan margarin, sisihkan;
2. Lumatkan pisang, sisihkan;
3. Campurkan semua bahan, aduk rata;
4. Panaskan wajan/teflon. Tuang 1 sendok sayur adonan. Tunggu hingga pancake mengeluarkan gelembung gelembung kecil, balik pancake; 
5. Masak hingga matang. Ulangi hingga adonan selesai dibuat ",data not found,
,Pisang,,Bolu Pisang Ambon,"250 gr Pisang Ambon;
250 gr Tepung Terigu;
225 gr Gula Pasir;
3 Butir Telur Ayam;
62 gr Minyak Sayur;
125 gr Susu UHT;
1/2 Sdt Baking Powder","1. Siapkan bahan-bahan dan alat yang akan digunakan;
2. Masukkan pisang, minyak dan susu uht kedalam mangkok bersih. Haluskan pisang dan aduk rata, Sisihkan;
3. Kocok telur dan gula hingga mengembang dan gula larut;
4. Masukkan adonan pisang yang sudah disisihkan tadi kedalam adonan kocokan telur, dan aduk rata;
5. Lalu masukkan tepung yang sudah diberi baking powder, perlahan sampai semua tepung habis;
6.    Panaskan oven suhu 180, dan siapkan loyang yang sudah dioles margarin..
lalu, masukkan adonan kedalam loyang. Beri topping sesuai keinginan (pisang, keju, meses dll);
7.  Panggang selama +/- 50 menit sesuai dengan oven dengan suhu 180",data not found,
,Pisang,,Jus Pisang Dancow,"4 buah pisang mas;
1 sachet dancow fullcream;
1 sdt gula pasir;
1 1/2 gelas air matang","1. Blender semua bahan menjadi satu hingga lembut;
2. Pindahkan ke gelas saji",data not found,
,Rambutan,,Es Rambutan Selasih,"10 buah rambutan;
8-10 sdm gula pasir;
1 buah jeruk nipis;
500 ml air;
1 batang kayu manis seukuran jari kelingking;
1 sdm selasih, rendam air matang hangat","1. Siapkan semua bahan;
2. Rebus air bersama kayu manis & gula pasir. Setelah mendidih tambahkan air perasan jeruk nipis. Koreksi rasa manis asamnya. Matikan api, dinginkan;
3. Rendam selasih dengan air hangat. Kupas & cuci bersih rambutan. Siapkan pula air gula yg sdh dingin(saya masukkan kulkas dl);
4.  Siapkan gelas saji, isi dengan rambutan, selasih & siram dengan air gula hingga penuh. Es rambutan selasih siap dinikmati",data not found,
,Rambutan,,Asinan Rambutan Segar,"500 gram rambutan manis;
2 buah jeruk nipis;
3 buah cabe rawit;
Sesuai selera garam;
Sesuai selera gula;
200 ml air","1. Kupas rambutan, buang bijinya. Bilas dengan air matang, tiriskan;
2. Siapkan bumbu, iris cabe rawit dan jeruk nipis.
Rebus bersama air, gula dan garam. Tes rasa sampai sesuai selera. Angkat dan dinginkan;
3. Campurkan ke rambutan, beri perasan air jeruk nipis dan potongan jeruk. Simpan dulu di kulkas sebelum disajikan",data not found,
,Rambutan,,Teh Kulit Buah Rambutan,"250 gr kulit rambutan;
2 sdm kulit rambutan yang sudah kering;
150 ml air panas;
2 sdm madu atau gula","1. Iris tipis kulit rambutan. Rendam kulit rambutan selama 24 jam;
2. Lalu cuci bersih kulit rambutan. Bilas hingga air benar-benar jernih;
3. Jemur kulit rambutan hingga kering. Setelah benar benar kering bisa disimpan dalam kotak kering;
4. Ambil 2 sdm kulit rambutan, seduh dengan air panas. Lalu tambahkan dengan madu atau gula. Sajikan
",data not found,
,Salak,,Manisan Salak,"10 buah salak masam (cuci bersih);
8 buah cabe rawit (sesuai selera);
1,5 sdm garam;
200 gr gula;
1 liter air matang","1. Siapkan bahan, lalu haluskan cabe hingga halus dan masukkan ke dalam panci berisi air. Tambahkan garam;
2. Masukkan gula, rebus larutan sampai mendidih kemudian diaduk;
3. Setelah mendidih, masukkan salak (tidak usah dikupas);
4. Setelah sesekali diaduk, matikan api lalu tutup panci.
Biarkan salak terendam dlm panci selama beberapa jam, sampai dingin. Ambil salak, kupas, hidangkan dengan kuahnya. ",data not found,
,Salak,,Teh Kulit Salak,250 gr kulit salak,"1. Cuci bersih kulit salak, potong kecil kecil lalu jemur sampai kering dan terasa ringan;
2. Jika kulitnya sudah sangat kering sampai kisut melipat, haluskan (blender).
Kemudian disangrai sampai harum;
3. Simpan dalam tempat kedap udara. Ketika akan dihidangkan, Ambil 1 sdt bubuk kulit salak, Seduh dg air panas. Lalu saring.",data not found,
,Salak,,Asinan Salak,"500 gr buah salak;
500 ml air;
10 buah cabe merah keriting;
3 buah cabe rawit merah;
1/2 sdt terasi;
7 sdm gula pasir;
1/2 sdm gula aren bubuk;
Secukupnya garam;
Secukupnya air jeruk nipis (bisa diganti cuka masak)","1. Haluskan cabe dan terasi;
2. Masukkan bumbu halus ke panci berisi air, masak sampai mendidih. Biarkan sebentar sampai air sedikit berkurang/ cabe tidak bau langu. Masukkan garam, gula dan gula palm. Test rasa, lalu matikan kompor, dinginkan sampai tidak panas;
3. Selagi menunggu air asinan dingin, kupas salak, belah dan buang bijinya;
4. Tuang air asinan sambil disaring. Simpan semalaman dikulkas. Sajikan dingin lebih nikmat   ",data not found,
,Sawo,,Jus Sawo Susu,"6 buah sawo ukuran sedang (ambil dagingnya);
6 sdm gula pasir;
250 ml susu cair full cream;
450 ml air matang;
secukupnya es batu (opsional)","1. Masukkan seluruh bahan (kecuali es batu) ke dalam blender. Blender hingga halus dan kental;
2. Tuangkan ke dalam gelas saji, beri es batu secukupnya ",data not found,
,Sawo,,Puding Sawo,"10 buah sawo ukuran kecil;
6 sdm gula pasir;
1 bungkus agar-agar plain;
1 bungkus kecil santan instan (65 ml);
600 ml air","1. Siapkan sawo, cuci bersih, kupas, belah, buang bijinya dan bagian tengah yang berwarna putih. Ambil 5 buah, potong dadu, sisihkan;
2. Masukkan sisa potongan sawo (5 buah) ke dalam blender bersama bahan lainnya (gula pasir, agar-agar, santan dan air). Blender hingga halus lalu masukkan ke dalam panci (bisa disaring sebelumnya);
3. Tambahkan sawo yang sudah dipotong dadu, lalu masak sambil diaduk hingga mendidih, matikan api. Tunggu hingga menghangat, baru tuangkan ke dalam cetakan. Dinginkan sebentar di suhu ruang, kemudian masukkan kulkas hingga mengeras;
4. Jika sudah mengeras, keluarkan dari cetakan, potong-potong lalu sajikan  ",data not found,
,Sawo,,Es Coklat Sawo,"2 buah Sawo;
6 sdm bubuk minuman Coklat (udah mix gula);
1 sachet Nutrijel rasa Kelapa;
700 ml Air Matang;
8 sdm Gula Pasir;
Secukupnya Es Batu","1. Campur Nutrijel Kelapa bersama 8 sdm gula pasir dan 700ml air matang. Masak hingga mendidih, dinginkan;
2. Bersihkan dan potong-potong Sawo sesuai selera;
3. Larutkan 6 sdm bubuk minuman Coklat dengan air panas, agar campuran gulanya larut;
4. Tata es batu, potongan Sawo, Nutrijel yang telah dikerok (sesuai selera), kemudian tambahkan larutan coklat;
5. Tambahkan sedikit air matang dan tumpuk dengan es batu lagi. Es Coklat Sawo siap dinikmati   ",data not found,
,Semangka,,Es Semangka Nata de Coco,"1 slice semangka;
2 sdm nata de coco;
200 ml UHT;
secukupnya Es Batu","1. Siapkan bahan, lalu potong semangka kotak-kotak;
2. Masukkan es batu secukupnya dalam gelas, tambahkan semangka dan nata de coco;
3. Tuang susu UHT;
4. Sajikan dalam keadaan dingin",data not found,
,Semangka,,Asinan Kulit Semangka,"1/4 Bagian kulit buah semangka (+/- 200 gr);
1/4 sdt garam;
2 sdt gula pasir;
1 buah cabe merah (1/2 buah diuleg dan 1/2 buah diiris-iris);
1/2 siung bawang putih;
1/2 sdt cuka;
40 ml air matang","1. Siapkan bahan-bahan yg dibutuhkan. Iris-iris serong kulit semangka, taruh dalam wadah lalu sisihkan terlebih dahulu;
2. Haluskan bawang putih, 1/2 cabe merah dan garam;
3. Masukkan bumbu halus kedalam wadah yg berisi irisan kulit semangka, beri gula pasir dan cuka. Aduk² sebentar lalu tuang air matang aduk hingga rata dan gula pasir larut sempurna. Lakukan test rasa, bila belum pas sesuaikan asin manisnya dg selera masing-masing. Akan lebih enak bila dimakan dalam keadaan dingin;
4. Masukkan 1/2 buah cabe merah yang diiris-iris. Segera sajikan dan nikmati kesegarannya    ",data not found,
,Semangka,,Es Buah Kulit Semangka,"200 gr semangka;
100 gr mangga;
90 ml sirup Marjan coco pandan;
70 ml susu kental manis putih;
90 ml air dingin;
Secukupnya es batu","1. Siapkan bahan;
2. Potong-potong buah semangka, mangga, dan kulit semangat bagian putihnya;
3. Tambahkan susu, sirup, air dingin, serta es batu kemudian aduk;
4. Es buah kulit semangka siap dihidangkan",data not found,
,Sirsak,,Es Sirsak Susu,"300 gr sirsak, buang bijinya, lumatkan;
150 gr gula pasir (bisa sekalian diblender bersama sirsak);
100 ml air panas utk melarutkan gula (jika sirsak tidak diblender);
400 ml Susu UHT plain;
Secukupnya es batu","1. Siapkan bahan-bahan;
2. Siapkan wadah, hancurkan sirsak, larutkan gula dalam air panas, serta masukkan sedikit susu supaya mempermudah proses blender;
3. Blender sampai halus, tambahkan sisa susu UHT dan campur dengan es batu",data not found,
,Sirsak,,Dodol Sirsak,"750 gram daging buah sirsak tanpa biji;
500 gram gula pasir;
2 sdm full tepung maizena;
1 sct agar-agar;
3 tetes pewarna (tambahan)","1. Bersihkan daging sirsak dari kulit dan biji. Blender tanpa tambahan air, daging buahnya saja;
2. Masukkan ke dalam wajan anti lengket, masukkan gula, lalu aduk;
3. Beri pewarna,lalu masukkan tepung maizena, aduk rata;
4. Masukkan bubuk agar-agar dan aduk sampai kalis;
5. Bungkus di kertas pembungkus, lalu bungkus hingga seluruh adonan habis",data not found,
,Sirsak,,Sirsak Goreng,"1 buah sirsak mengkel;
260 g bumbu pisang goreng sasa;
5 sdm tepung terigu;
Secukupnya gula pasir;
Secukupnya garam;
Secukupnya air","1. Siapkan bahan. Masukkan bumbu sasa pisang goreng ke dalam baskom. Tambahkan terigu;
2. Tambahkan gula dan garam. Tambahkan air. Aduk aduk;
3. Aduk hingga rata sampai tidak ada yang bergerindil, sisihkan. Belah sirsak. Kupas kulitnya;
4. Potong potong sesuai selera jangan terlalu tebal dan buang bijinya. Cuci bersih dengan air mengalir. Masukkan ke dalam adonan celupan;
5.  Baluri hingga semua permukaannya tertutup adonan. Goreng di minyak panas. Goreng hingga kuning kecoklatan;
6. Setelah matang angkat dan tiriskan. Taraaa sirsak goreng siap disajikan   ",data not found,
,Stroberi,,Korean Strawberry Milk,"2 sdm selai strawberry;
1/2 gelas susu cair full cream;
Es batu secukupnya","1. Siapkan bahan;
2. Masukkan selai strawberry di dalam gelas, tempelkan di dinding gelas, tambahkan es batu;
3. Tuang susu cair full cream. Siap disajikan",data not found,
,Stroberi,,Jus Stroberi,"10 buah strawberry, atau sesuai selera;
2 sdm gula pasir;
1 sachet susu bubuk;
200 ml air es;
Secukupnya es batu","1. Siapkan semua bahan. Cuci bersih strawberry. Tiriskan. Lebih baik rendam dalam air garam beberapa menit terlebih dahulu;
2. Campurkan semua bahan jadi satu dalam blender. Lalu blender sampai halus;
3. Setelah halus, tuang dalam gelas, siap diminum  ",data not found,
,Stroberi,,Silky Puding Stroberi,"1 bungkus nutrijel rasa strowberry;
200 ml susu rasa strowberry;
100 gr strowberry beku;
7 sdm gula pasir;
1 sdm tepung maizena;
500 ml air","1. Siapkan bahan, blender stroberi dengan air matang;
2. Dalam panci tuangkan bubuk nutrijel, gula, maizena, susu dan strowberry yg telah diblend. Aduk2 hingga seluruh bahan menyatu. Nyalakan kompor dgn api kecil, aduk2 terus hingga mendidih. Matikan kompor;
3. Susun irisan strowberry di loyamg atau cup. Beri sedikit jelly yg sudah di masak, jika sudah sedikit mengeras tuang perlahan agar2 yg sudah dimasak. Jika sudah bersuhu ruang masukan dalam kulkas;
4. Sajikan ",data not found,
,Tomat,,Tahu Tomat,"4 buah tahu putih uk.8x8;
5 buah tomat merah besar;
5 siung bawang putih;
1/2 sdm garam;
2 sdm gula pasir;
1/2 sdt merica bubuk;
1/2 sdt kaldu jamur;
1 gelas air matang","1. Tahu dipotong jadi 9 bagian lalu digoreng setengah matang. Kalau pakai airfryer, alasi airfryer dengan alumunium foil, masukan tahu yang sudah dibalur sedikit minyak goreng. Setting airfryer 180C selama 10 menit;
2. Tumis bawang putih cincang sampai kekuningan lalu masukan tomat yang sudah dipotong kotak2 besar;
3. Masukkan tahu goreng, bumbui dengan gula + garam + merica + kaldu jamur. Tambah sedikit air. Tes rasa;
4. Masak sampai mendidih. Jangan terlalu lama supaya tomat tidak terlalu hancur. Siap disajikan ",data not found,
,Tomat,,Es Tomat Selasih,"1 buah tomat merah besar potong dadu;
1 sendok makan selasih rendam air panas;
1 sendok makan perasan air jeruk lemon;
2 sendok makan gula pasir (saya ganti madu);
Sejumput garam;
Secukupnya air es (sesuaikan gelas);
Secukupnya es batu","1. Siapkan semua bahan;
2. Siapkan gelas saji, masukkan potongan tomat, selasih, madu, garam dan perasan air jeruk lemon;
3. Tuang air es, aduk rata, tambahkan es batu secukupnya. Sajikan ",data not found,
,Tomat,,Telur Dadar Tomat,"2 butir telor, kocok lepas;
1 buah tomat, potong dadu;
1/2 bawang bombay, potong dadu;
1 daun bawang, iris tipis;
Secukupnya garam, kaldu bubuk dan lada bubuk","1. Siapkan semua bahan. Beri secukupnya garam, kaldu bubuk dan lada bubuk ke dalam kocokan telor. Masukkan potongan tomat, bawang bombay dan daun bawang ke dalam kocokan telor;
2. Aduk rata menggunakan garpu. Panaskan 1-2 sdm minyak dalam pan dengan api sedang hingga benar-benar panas. Tuang sebagian kocokan telor, dadar hingga matang, lipat, balik dan biarkan hingga matang;
3. Taruh dadar di piring. Potong-potomg sesuai selera. Dadar Telor Tomat siap disajikan dan dinikmati ",data not found,